{
  "total_executions": 1,
  "successful_executions": 1,
  "total_execution_time": 0.0011768341064453125,
  "last_executed": "2025-06-01T23:10:21.145431",
  "success_rate": 1.0,
  "average_execution_time": 0.0011768341064453125
}