{
  "total_executions": 1,
  "successful_executions": 1,
  "total_execution_time": 0.0016779899597167969,
  "last_executed": "2025-06-01T23:07:27.090884",
  "success_rate": 1.0,
  "average_execution_time": 0.0016779899597167969
}