{
  "total_executions": 1,
  "successful_executions": 1,
  "total_execution_time": 0.0009260177612304688,
  "last_executed": "2025-06-01T22:43:04.923154",
  "success_rate": 1.0,
  "average_execution_time": 0.0009260177612304688
}