{
  "total_executions": 1,
  "successful_executions": 1,
  "total_execution_time": 0.10302996635437012,
  "last_executed": "2025-06-01T23:07:32.435161",
  "success_rate": 1.0,
  "average_execution_time": 0.10302996635437012
}